steps,return
512.0,-0.0034612127659962863
1024.0,-0.0034299041430009276
1536.0,-0.0033955442231051805
2048.0,-0.003371226399239343
