steps,return
320.0,-0.11333550646887272
640.0,-0.38194557955618874
960.0,-0.39891311838886645
1280.0,-0.40764634716188086
