steps,return
800.0,-0.41266767624888767
1600.0,1.7929529464101381
2400.0,4.691969505536306
3200.0,4.758953498649399
4000.0,4.182284952321435
4800.0,4.854751028075828
5600.0,5.125948351270506
6400.0,5.380617056747433
7200.0,5.766308042005928
