steps,return
40000.0,-2.8863008813711013
80000.0,-2.1858473242623333
120000.0,-2.3768660533174018
160000.0,-0.8547854469825921
200000.0,-0.6326742608160675
