steps,return
320.0,0.15072060840828866
640.0,0.10607846808868393
