steps,return
128000.0,0.1912480089390563
256000.0,0.2515035708091385
384000.0,0.20016341135680427
512000.0,0.15605903856224956
