steps,return
43995.0,-4.872737621766803
89375.0,-12.07099188692165
131596.0,-0.9992629331141673
166362.0,-0.9665896973843342
203397.0,-1.3034079513754042
248152.0,-1.1181207749938542
279632.0,-1.471101898884109
315208.0,-2.059187611624827
346176.0,-2.3591161507809213
375709.0,-0.6887092358322426
