steps,return
43995.0,-2.844238196777205
86484.0,-0.18679868188702436
125268.0,-0.2236701630987691
150597.0,-11.48158782539146
183986.0,179.3108237830435
230393.0,627.794930638278
275442.0,736.7822081381696
345422.0,-1.5192592752017142
415818.0,-1.3703749315752471
487393.0,-1.3891220126329025
