steps,return
45833.0,-1.3604392946039865
88475.0,-0.13919403395465424
136658.0,-1.6807301149009823
170785.0,-3.2955056565674665
200540.0,189.36121310442797
240834.0,690.6459993025644
