steps,return
43426.0,-0.009440630186812177
85741.0,423.9919936719265
127851.0,576.823576809656
179352.0,451.6630390839533
243162.0,567.9225684342948
324016.0,635.0426798880214
426920.0,697.4345817277385
519624.0,748.9409492374626
616236.0,788.489988249554
717273.0,815.0863248798935
813864.0,798.8876968428045
907466.0,791.1931801835885
1009897.0,807.2131574890682
