steps,return
64000.0,1.436141623149598
128000.0,0.7247507016711747
192000.0,2.092453410277087
256000.0,2.0447862280460702
320000.0,1.8283031336945954
384000.0,1.997978887518708
448000.0,2.0696836355649886
512000.0,2.109117151566523
576000.0,1.46388607980928
640000.0,2.109734031361885
704000.0,2.202276782526097
768000.0,2.2501109202063296
832000.0,2.345910948090901
896000.0,2.494848129075174
960000.0,2.5510210621509746
1024000.0,2.5845567857885334
1088000.0,2.5886920678064573
