steps,return
2000.0,-1.570218394241073
4000.0,-0.7744183190425054
6000.0,-0.09483932402478551
8000.0,0.7579085746861055
