steps,return
40856.0,-5.269961808010376
82030.0,-1.215857960677092
