steps,return
2000.0,-4.475158950838017
4000.0,-3.842833815817355
6000.0,-3.593260302378708
