steps,return
1280.0,0.17562857644060548
2560.0,0.2249931388110225
3840.0,0.2904843484717926
5120.0,0.33001718364746424
6400.0,0.38527252616750957
