steps,return
128000.0,0.25545597128149156
256000.0,0.22008959079291274
384000.0,0.22185086172947774
512000.0,0.2236781475320352
