steps,return
43247.0,-0.9590575385998527
88858.0,35.64958056634103
138414.0,496.4567947293125
206815.0,399.5962278246522
293513.0,751.8090132110303
395367.0,739.5168214227457
