time_sampling,stoc_pol_mean,stoc_pol_std,stoc_pol_max,stoc_pol_min,alpha,delta,time_vpg,time_npg,kl_dist,surr_improvement,running_score,time_VF,VF_error_before,VF_error_after,eval_score
6.387601852416992,-0.28298388144787673,0.2520590059579487,-0.038899949827882335,-0.9044869106976517,0.00043505997459792825,0.01,0.014579296112060547,0.07071137428283691,1.1311955,8.550792,-0.28298388144787673,0.053392648696899414,1.146600586984423,0.3634502875339175,-0.16618807637782348
4.073713302612305,-0.1170600534878222,0.062026830564776356,-0.04102445876664145,-0.2375438835504918,0.001639613658773268,0.01,0.003502368927001953,0.04288506507873535,1.189389,22.460865,-0.2663914986518713,0.031159639358520508,1.724657523824591,0.3026196394743499,-0.09344571484942263
4.937873363494873,-0.16196550596185078,0.11528683085611578,-0.028682833966464812,-0.4194840481410745,0.0008339046838732161,0.01,0.0043866634368896484,0.05390739440917969,1.1546644,14.445396,-0.25594889938286924,0.04097604751586914,0.40188248838338575,0.37754122639529974,-0.18853773286190906
5.954153537750244,-0.2032296833698887,0.1522766923458666,0.010951095597012893,-0.5108487881142316,0.0008148832132248748,0.01,0.00496983528137207,0.05752301216125488,1.2297285,38.986893,-0.25067697778157116,0.042983055114746094,0.41433708191069946,0.36723739676014283,-0.02527600065396667
4.585589647293091,-0.16926752406107334,0.22402196372204525,-0.025441262463836205,-0.7037215395206985,1.850892949237193e-05,0.01,0.004443168640136719,0.04432272911071777,1.2243029,133.70953,-0.24253603240952137,0.03255414962768555,0.5300716501782652,0.4971779787480664,-0.15230729845526925
5.121152639389038,-0.10429993831753985,0.06964359623250672,-0.021363846249845563,-0.2284970074716796,0.0007638675740154064,0.01,0.004275321960449219,0.05405306816101074,1.222468,47.19907,-0.22871242300032324,0.0426487922668457,2.177835890453234,0.3620166902388213,-0.1395906084151682
