time_sampling,stoc_pol_mean,stoc_pol_std,stoc_pol_max,stoc_pol_min,alpha,delta,time_vpg,time_npg,kl_dist,surr_improvement,running_score,time_VF,VF_error_before,VF_error_after
0.5007953643798828,-0.047336561873443754,0.0,-0.047336561873443754,-0.047336561873443754,0.009172705298427645,0.1,0.0032520294189453125,0.10942268371582031,1.0650673,382.05243,-0.047336561873443754,0.0011379718780517578,8.024221948235034,8.024221948235034
0.46070194244384766,-0.05380220426753648,0.0,-0.05380220426753648,-0.05380220426753648,0.006941696658631489,0.1,0.0016715526580810547,0.10437631607055664,1.6831554,130.05106,-0.04798312611285303,0.0009648799896240234,7.590184581974381,7.590184581974381
0.4390683174133301,-0.08231902837809685,0.0,-0.08231902837809685,-0.08231902837809685,0.014936553773305765,0.1,0.001695394515991211,0.10587501525878906,2.1759639,57.416443,-0.051416716339377416,0.0010700225830078125,3.8607967507005156,3.8607967507005156
0.3484470844268799,-0.010887750077863648,0.0,-0.010887750077863648,-0.010887750077863648,0.014168944389953328,0.1,0.0014584064483642578,0.07740545272827148,1.5032146,12.719316,-0.047363819713226035,0.0006139278411865234,85.8048481746004,85.8048481746004
0.36521458625793457,-0.06179059010326082,0.0,-0.06179059010326082,-0.06179059010326082,0.008896115198254072,0.1,0.0015468597412109375,0.08444619178771973,1.953175,1103.3917,-0.04880649675222951,0.0006725788116455078,5.156125913428232,5.156125913428232
0.33760833740234375,-0.04458498334655133,0.0,-0.04458498334655133,-0.04458498334655133,0.003982275385658504,0.1,0.0014984607696533203,0.08755373954772949,6.17243,-48872.656,-0.0483843454116617,0.0007309913635253906,7.534884005795803,7.534884005795803
