steps,return
1280.0,-1.1829352534768394
2560.0,-1.0740315691892555
