steps,return
18737.0,-9.447837070392167
30563.0,-14.681264578421569
