steps,return
43995.0,-7.264556542059636
90118.0,-79.61249301485793
133543.0,-4.122966763917394
170533.0,-3.438233916006659
199444.0,-4.110134278927602
229779.0,-5.73863456052249
261725.0,-5.341892113356246
290506.0,-5.937537544372565
317961.0,-6.896574434892348
339378.0,-5.688730857187753
