steps,return
64000.0,-0.017522725813773152
128000.0,0.015177099201391405
192000.0,0.023052023349304035
256000.0,0.07879783515768259
320000.0,-0.30301466526424775
