steps,return
64000.0,-0.017522725813773152
128000.0,0.015177099201391405
192000.0,0.023052023349304035
256000.0,0.07879783515768259
320000.0,-0.30301466526424775
384000.0,-0.12358853671366408
448000.0,-0.10412660740728268
512000.0,0.07974774274094167
576000.0,-0.029118317054704253
640000.0,-0.06588065128777608
704000.0,0.2932858212256811
