steps,return
43995.0,-1.205200616462746
87416.0,-0.08517439686706156
135249.0,-5.616563143414888
174746.0,4.545818677912957
221393.0,413.4976880033598
278785.0,589.2784941396246
351321.0,838.9521263924897
433467.0,831.987751579969
513912.0,786.3913701635114
589671.0,827.5773267672313
