steps,return
40000.0,0.026187781161883004
80000.0,0.04557908566237473
120000.0,0.3444372140818927
160000.0,0.34561603505219113
200000.0,0.4620264271282616
240000.0,-0.00014546263210781727
280000.0,4.25646011158617
320000.0,4.468452837207254
360000.0,5.156330255117773
